TagName               ,Count

linux                 ,38569
windows               ,17619
apache-2.2            ,17291
nginx                 ,17228
ubuntu                ,16598
networking            ,15675
domain-name-system    ,12420
centos                ,10680
active-directory      ,10230
windows-server-2008   ,9003
ssh                   ,8971
amazon-web-services   ,8751
mysql                 ,8740
php                   ,7922
debian                ,7663
ssl                   ,7132
security              ,6920
iptables              ,6679
email                 ,6675
amazon-ec2            ,6592
postfix               ,6541
apache-2.4            ,6020
iis                   ,5368
windows-server-2003   ,5362
windows-server-2008-r2,5299
vpn                   ,5106
sql-server            ,4812
docker                ,4326
firewall              ,4273
powershell            ,4126
azure                 ,4107
windows-server-2012-r2,4011
backup                ,3974
routing               ,3711
raid                  ,3690
permissions           ,3666
virtualization        ,3620
exchange              ,3600
bash                  ,3558
linux-networking      ,3327
proxy                 ,3326
web-server            ,3318
redhat                ,3306
ssl-certificate       ,3302
windows-7             ,3301
openvpn               ,3285
vmware-esxi           ,3253
group-policy          ,3229
reverse-proxy         ,3212
performance           ,3203
smtp                  ,3171
email-server          ,3097
google-cloud-platform ,3013
centos7               ,2971
logging               ,2891
ip                    ,2852
virtual-machines      ,2842
.htaccess             ,2828
windows-server-2012   ,2826
load-balancing        ,2793
ldap                  ,2756
virtualhost           ,2752
domain                ,2733
configuration         ,2728
kubernetes            ,2666
cisco                 ,2632
https                 ,2548
ftp                   ,2506
hyper-v               ,2475
monitoring            ,2466
hard-drive            ,2463
mac-osx               ,2432
kvm-virtualization    ,2411
redirect              ,2311
bind                  ,2310
http                  ,2256
mod-rewrite           ,2236
authentication        ,2236
tomcat                ,2232
php-fpm               ,2156
dhcp                  ,2147
iis-7                 ,2136
haproxy               ,2131
rewrite               ,2130
exchange-2010         ,2105
router                ,2055
memory                ,2039
nat                   ,2032
filesystems           ,1997
postgresql            ,1974
storage               ,1966
cron                  ,1965
unix                  ,1957
nfs                   ,1918
vps                   ,1888
wordpress             ,1883
samba                 ,1879
java                  ,1848
scripting             ,1836
windows-server-2016   ,1809
sql-server-2008       ,1806
puppet                ,1798
ipv6                  ,1793
centos6               ,1782
apache2               ,1782
ansible               ,1780
python                ,1763
dovecot               ,1728
hardware              ,1720
port                  ,1703
database              ,1690
tcp                   ,1656
openssl               ,1624
windows-xp            ,1621
domain-controller     ,1619
rsync                 ,1614
cache                 ,1599
command-line-interface,1576
installation          ,1576
freebsd               ,1547
remote-desktop        ,1540
lvm                   ,1535
switch                ,1527
systemd               ,1527
hp                    ,1519
network-share         ,1486
openldap              ,1476
yum                   ,1471
google-compute-engine ,1465
httpd                 ,1454
subdomain             ,1436
port-forwarding       ,1428
zfs                   ,1424
spam                  ,1404
squid                 ,1399
certificate           ,1373
cluster               ,1368
shell                 ,1365
sendmail              ,1349
vmware-vsphere        ,1340
svn                   ,1336
nagios                ,1296
deployment            ,1295
sql                   ,1294
wifi                  ,1288
vlan                  ,1280
migration             ,1262
asp.net               ,1241
rdp                   ,1241
hosting               ,1234
iis-7.5               ,1232
mount                 ,1228
hp-proliant           ,1210
kerberos              ,1203
ubuntu-14.04          ,1173
windows-10            ,1173
solaris               ,1158
apt                   ,1156
fedora                ,1153
xen                   ,1145
amazon-s3             ,1140
git                   ,1137
microsoft-office-365  ,1131
partition             ,1112
log-files             ,1110
virtualbox            ,1095
exim                  ,1093
outlook               ,1092
boot                  ,1091
remote-access         ,1073
sql-server-2005       ,1071
replication           ,1044
service               ,1041
node.js               ,1037
ipsec                 ,1036
django                ,1031
ubuntu-12.04          ,1023
sftp                  ,1011
