TagName                         ,Count
javascript                      ,2530144
python                          ,2196357
java                            ,1918477
c#                              ,1616749
php                             ,1465215
android                         ,1417782
html                            ,1187999
jquery                          ,1034682
c++                             ,807620
css                             ,804937
ios                             ,687533
sql                             ,671583
mysql                           ,662169
r                               ,506531
reactjs                         ,477666
node.js                         ,472497
arrays                          ,416965
c                               ,404516
asp.net                         ,374662
json                            ,360617
python-3.x                      ,343790
.net                            ,338399
ruby-on-rails                   ,338120
sql-server                      ,334887
swift                           ,333738
django                          ,312077
angular                         ,304693
objective-c                     ,292286
pandas                          ,287133
excel                           ,287043
angularjs                       ,262740
regex                           ,260354
typescript                      ,230650
ruby                            ,229093
linux                           ,227605
ajax                            ,221954
iphone                          ,220685
xml                             ,214792
vba                             ,214406
laravel                         ,211759
spring                          ,211417
asp.net-mvc                     ,201257
database                        ,195234
wordpress                       ,192370
string                          ,184532
flutter                         ,177079
postgresql                      ,176392
mongodb                         ,175958
wpf                             ,169720
windows                         ,168940
xcode                           ,159708
amazon-web-services             ,158849
bash                            ,155825
git                             ,152468
oracle                          ,151736
spring-boot                     ,148584
dataframe                       ,146246
firebase                        ,143381
list                            ,141699
multithreading                  ,140394
vb.net                          ,140344
azure                           ,140192
docker                          ,137853
react-native                    ,137283
eclipse                         ,124990
algorithm                       ,120733
macos                           ,117776
powershell                      ,117424
visual-studio                   ,115370
numpy                           ,114041
image                           ,114032
forms                           ,113640
scala                           ,112467
function                        ,111330
vue.js                          ,107741
twitter-bootstrap               ,103090
performance                     ,102237
selenium                        ,100588
api                             ,99369
winforms                        ,99118
loops                           ,96444
express                         ,95615
kotlin                          ,95602
python-2.7                      ,95217
hibernate                       ,95113
matlab                          ,94935
sqlite                          ,94897
dart                            ,94020
rest                            ,93107
shell                           ,92724
apache                          ,92474
entity-framework                ,91830
android-studio                  ,90602
csv                             ,90326
maven                           ,88760
linq                            ,86531
dictionary                      ,86111
qt                              ,86086
facebook                        ,85626
unit-testing                    ,85490
tensorflow                      ,82844
asp.net-core                    ,82500
apache-spark                    ,82272
file                            ,81597
swing                           ,81345
class                           ,79809
sorting                         ,76988
date                            ,76848
unity-game-engine               ,76616
authentication                  ,75892
symfony                         ,74093
opencv                          ,73425
t-sql                           ,73217
.htaccess                       ,73134
go                              ,73075
google-chrome                   ,72699
matplotlib                      ,72136
for-loop                        ,72047
datetime                        ,71110
codeigniter                     ,69560
http                            ,68340
perl                            ,68117
validation                      ,67539
sockets                         ,66571
google-maps                     ,66065
object                          ,65147
uitableview                     ,64429
xaml                            ,62554
oop                             ,62243
if-statement                    ,62172
cordova                         ,61633
ubuntu                          ,61099
web-services                    ,60067
email                           ,59503
visual-studio-code              ,59260
android-layout                  ,59134
spring-mvc                      ,58595
elasticsearch                   ,58566
kubernetes                      ,58182
github                          ,58120
ms-access                       ,57718
parsing                         ,57580
user-interface                  ,57455
selenium-webdriver              ,57432
pointers                        ,56714
c++11                           ,56691
security                        ,56598
ggplot2                         ,56479
ruby-on-rails-3                 ,55975
machine-learning                ,55822
flask                           ,55676
nginx                           ,55472
templates                       ,55144
google-sheets                   ,54918
google-apps-script              ,54628
variables                       ,53951
batch-file                      ,53922
sql-server-2008                 ,53792
exception                       ,53739
listview                        ,52687
debugging                       ,52534
tkinter                         ,52231
gradle                          ,52178
jpa                             ,52058
jsp                             ,52044
delphi                          ,51938
asynchronous                    ,51722
pdf                             ,51556
haskell                         ,51304
ssl                             ,51237
jenkins                         ,50838
xamarin                         ,50802
wcf                             ,50796
amazon-s3                       ,50782
web-scraping                    ,50480
testing                         ,50437
npm                             ,50146
google-cloud-platform           ,49888
generics                        ,49794
ionic-framework                 ,48678
unix                            ,47626
recursion                       ,47162
google-app-engine               ,47116
mongoose                        ,46854
web                             ,46665
visual-studio-2010              ,46631
android-fragments               ,45698
.net-core                       ,45197
animation                       ,44805
session                         ,44415
assembly                        ,44397
hadoop                          ,44397
math                            ,44266
svg                             ,44032
curl                            ,43984
django-models                   ,43742
laravel-5                       ,43723
intellij-idea                   ,43667
heroku                          ,43624
join                            ,43604
url                             ,43548
http-redirect                   ,43376
tomcat                          ,43156
winapi                          ,42953
webpack                         ,42715
inheritance                     ,42655
google-cloud-firestore          ,42607
keras                           ,42434
asp.net-mvc-4                   ,42392
image-processing                ,42302
dom                             ,41699
gcc                             ,41621
logging                         ,41579
rust                            ,41396
next.js                         ,41392
matrix                          ,41197
actionscript-3                  ,41150
post                            ,40877
button                          ,40680
pyspark                         ,40450
firebase-realtime-database      ,40173
jquery-ui                       ,39744
cocoa                           ,39638
optimization                    ,39598
xpath                           ,39436
iis                             ,39405
d3.js                           ,39330
internet-explorer               ,39035
firefox                         ,38928
swiftui                         ,38919
javafx                          ,38649
xslt                            ,38565
select                          ,38432
asp.net-mvc-3                   ,38376
caching                         ,38363
networking                      ,38306
opengl                          ,38091
events                          ,38046
asp.net-web-api                 ,38019
plot                            ,37798
magento                         ,37749
search                          ,37296
encryption                      ,37164
stored-procedures               ,37084
amazon-ec2                      ,37043
dplyr                           ,37015
ruby-on-rails-4                 ,36782
memory                          ,36297
canvas                          ,36119
audio                           ,36107
jsf                             ,35810
multidimensional-array          ,35539
random                          ,35485
redux                           ,35476
vector                          ,35299
cookies                         ,35209
input                           ,35142
facebook-graph-api              ,35091
flash                           ,34928
xamarin.forms                   ,34682
ipad                            ,34678
arraylist                       ,34596
cocoa-touch                     ,34520
indexing                        ,34369
video                           ,34119
data-structures                 ,33906
model-view-controller           ,33627
serialization                   ,33448
jdbc                            ,33376
razor                           ,33271
servlets                        ,33230
routes                          ,33228
woocommerce                     ,33163
mod-rewrite                     ,33145
awk                             ,33068
apache-kafka                    ,33058
iframe                          ,32774
beautifulsoup                   ,32751
filter                          ,32307
design-patterns                 ,32128
text                            ,31910
docker-compose                  ,31892
aws-lambda                      ,31809
django-rest-framework           ,31804
excel-formula                   ,31700
visual-c++                      ,31690
cakephp                         ,31682
azure-devops                    ,31603
mobile                          ,31056
android-intent                  ,30941
react-hooks                     ,30790
struct                          ,30580
methods                         ,30459
mvvm                            ,30227
groovy                          ,30213
ssh                             ,30174
lambda                          ,30070
ecmascript-6                    ,29962
checkbox                        ,29957
grails                          ,29874
time                            ,29871
google-chrome-extension         ,29740
installation                    ,29660
sharepoint                      ,29449
jakarta-ee                      ,29372
android-recyclerview            ,29349
core-data                       ,29201
shiny                           ,29110
meteor                          ,29102
android-activity                ,29044
spring-security                 ,28982
plsql                           ,28971
types                           ,28940
bootstrap-4                     ,28847
sed                             ,28811
graph                           ,28683
activerecord                    ,28665
cmake                           ,28597
websocket                       ,28456
scikit-learn                    ,28237
replace                         ,28190
file-upload                     ,28183
vim                             ,28141
junit                           ,28018
group-by                        ,27982
boost                           ,27839
deep-learning                   ,27801
soap                            ,27694
import                          ,27657
sass                            ,27591
memory-management               ,27529
error-handling                  ,27424
dynamic                         ,27342
eloquent                        ,27238
async-await                     ,27207
silverlight                     ,27162
layout                          ,26909
charts                          ,26881
gridview                        ,26808
apache-spark-sql                ,26798
browser                         ,26787
dependency-injection            ,26777
svn                             ,26726
deployment                      ,26591
while-loop                      ,26458
cmd                             ,26451
vuejs2                          ,26433
dll                             ,26098
highcharts                      ,26096
ffmpeg                          ,26083
view                            ,26070
google-bigquery                 ,26044
c#-4.0                          ,25829
foreach                         ,25760
plugins                         ,25733
reporting-services              ,25597
makefile                        ,25527
redis                           ,25510
server                          ,25305
twitter                         ,25196
https                           ,25193
merge                           ,25190
google-maps-api-3               ,25141
unicode                         ,25130
jupyter-notebook                ,25121
reflection                      ,25065
extjs                           ,24889
mysqli                          ,24735
axios                           ,24721
terminal                        ,24430
split                           ,24416
oauth-2.0                       ,24397
encoding                        ,24342
django-views                    ,24335
netbeans                        ,24172
database-design                 ,24091
collections                     ,24071
hash                            ,24013
pip                             ,23998
pytorch                         ,23996
ember.js                        ,23981
pdo                             ,23922
automation                      ,23909
data-binding                    ,23845
apache-flex                     ,23840
tcp                             ,23776
build                           ,23645
command-line                    ,23582
sqlalchemy                      ,23525
printing                        ,23343
react-redux                     ,23272
java-8                          ,23202
service                         ,23199
spring-data-jpa                 ,23108
html-table                      ,23063
jestjs                          ,22986
concurrency                     ,22963
visual-studio-2012              ,22933
neo4j                           ,22921
parameters                      ,22860
module                          ,22766
ansible                         ,22733
lua                             ,22706
promise                         ,22690
material-ui                     ,22684
webview                         ,22597
enums                           ,22579
jquery-mobile                   ,22545
web-applications                ,22476
outlook                         ,22473
entity-framework-core           ,22470
uwp                             ,22420
flexbox                         ,22387
utf-8                           ,22362
datatable                       ,22300
firebase-authentication         ,22295
python-requests                 ,22057
drop-down-menu                  ,21991
colors                          ,21905
hive                            ,21897
scroll                          ,21883
tfs                             ,21820
parallel-processing             ,21714
count                           ,21655
syntax                          ,21563
scipy                           ,21497
twitter-bootstrap-3             ,21469
google-analytics                ,21418
ms-word                         ,21306
ssis                            ,21261
fonts                           ,21149
file-io                         ,21142
constructor                     ,21111
three.js                        ,21109
paypal                          ,21076
graphql                         ,21076
rxjs                            ,20928
socket.io                       ,20878
discord                         ,20873
cassandra                       ,20838
gwt                             ,20816
datatables                      ,20753
graphics                        ,20675
backbone.js                     ,20612
solr                            ,20586
url-rewriting                   ,20550
nlp                             ,20539
compiler-errors                 ,20529
react-router                    ,20509
datagridview                    ,20434
memory-leaks                    ,20415
drupal                          ,20374
zend-framework                  ,20373
oracle11g                       ,20360
oauth                           ,20297
knockout.js                     ,20273
django-forms                    ,20168
neural-network                  ,20143
powerbi                         ,20127
interface                       ,20086
google-api                      ,19964
casting                         ,19937
linked-list                     ,19903
triggers                        ,19889
angular-material                ,19730
proxy                           ,19692
timer                           ,19673
jmeter                          ,19673
parse-platform                  ,19654
django-templates                ,19648
path                            ,19635
visual-studio-2015              ,19622
windows-phone-7                 ,19609
directory                       ,19599
cron                            ,19550
orm                             ,19491
arduino                         ,19476
terraform                       ,19463
push-notification               ,19400
primefaces                      ,19351
conditional-statements          ,19303
model                           ,19098
functional-programming          ,19095
jar                             ,18952
xamarin.android                 ,18851
visual-studio-2013              ,18758
hyperlink                       ,18733
vbscript                        ,18720
uiview                          ,18706
download                        ,18523
swift3                          ,18433
sql-server-2005                 ,18360
process                         ,18283
gitlab                          ,18270
azure-active-directory          ,18251
rspec                           ,18243
windows-phone-8                 ,18207
properties                      ,18204
google-cloud-functions          ,18193
callback                        ,18170
configuration                   ,18153
combobox                        ,18143
pygame                          ,18104
jwt                             ,18098
safari                          ,17896
scrapy                          ,17876
scripting                       ,17791
pagination                      ,17778
permissions                     ,17777
emacs                           ,17749
raspberry-pi                    ,17707
clojure                         ,17680
linux-kernel                    ,17663
scope                           ,17616
io                              ,17604
angularjs-directive             ,17543
nhibernate                      ,17516
request                         ,17476
mongodb-query                   ,17474
responsive-design               ,17460
compilation                     ,17370
x86                             ,17352
bluetooth                       ,17315
dns                             ,17303
binding                         ,17289
playframework                   ,17285
discord.js                      ,17263
architecture                    ,17254
reference                       ,17251
3d                              ,17235
doctrine-orm                    ,17230
version-control                 ,17211
get                             ,17169
pyqt                            ,17165
sql-server-2012                 ,17117
package                         ,17056
rubygems                        ,16995
f#                              ,16987
pycharm                         ,16966
autocomplete                    ,16852
kendo-ui                        ,16846
datepicker                      ,16810
tree                            ,16787
yii                             ,16780
openssl                         ,16695
controller                      ,16680
xamarin.ios                     ,16652
jackson                         ,16611
grep                            ,16550
nested                          ,16542
static                          ,16472
statistics                      ,16443
azure-functions                 ,16420
phpmyadmin                      ,16361
null                            ,16339
datagrid                        ,16322
uiviewcontroller                ,16304
active-directory                ,16291
transactions                    ,16277
webforms                        ,16203
notifications                   ,16119
expo                            ,16116
discord.py                      ,16092
youtube                         ,16041
nullpointerexception            ,15997
sas                             ,15977
dockerfile                      ,15948
duplicates                      ,15941
menu                            ,15859
mocking                         ,15848
computer-vision                 ,15765
bitmap                          ,15720
stream                          ,15686
jsf-2                           ,15661
asp.net-mvc-5                   ,15658
visual-studio-2008              ,15642
sum                             ,15574
yaml                            ,15567
android-listview                ,15537
yii2                            ,15535
time-series                     ,15493
stl                             ,15469
electron                        ,15437
ant                             ,15411
css-selectors                   ,15397
hashmap                         ,15276
character-encoding              ,15262
floating-point                  ,15258
jboss                           ,15199
frontend                        ,15193
msbuild                         ,15136
cryptography                    ,15127
sdk                             ,15116
joomla                          ,15110
devise                          ,15033
google-drive-api                ,15015
selenium-chromedriver           ,14986
anaconda                        ,14967
navigation                      ,14895
background                      ,14883
binary                          ,14820
camera                          ,14813
asp.net-core-mvc                ,14792
pyqt5                           ,14776
linq-to-sql                     ,14775
ios7                            ,14684
onclick                         ,14667
multiprocessing                 ,14650
iterator                        ,14628
android-asynctask               ,14526
cors                            ,14496
cuda                            ,14444
rabbitmq                        ,14440
laravel-4                       ,14432
plotly                          ,14419
tabs                            ,14387
mariadb                         ,14377
insert                          ,14365
uicollectionview                ,14342
upload                          ,14208
ftp                             ,14202
coldfusion                      ,14171
console                         ,14157
xsd                             ,14154
amazon-dynamodb                 ,14133
linker                          ,14121
textview                        ,14120
environment-variables           ,14076
opengl-es                       ,14049
blazor                          ,14016
continuous-integration          ,13998
leaflet                         ,13966
xml-parsing                     ,13905
operating-system                ,13893
localization                    ,13848
kivy                            ,13812
formatting                      ,13806
json.net                        ,13788
mockito                         ,13773
microsoft-graph-api             ,13752
macros                          ,13726
calendar                        ,13722
type-conversion                 ,13720
timestamp                       ,13688
data.table                      ,13659
integer                         ,13608
android-ndk                     ,13575
segmentation-fault              ,13557
prolog                          ,13446
drag-and-drop                   ,13436
char                            ,13372
jasmine                         ,13361
crash                           ,13358
automated-tests                 ,13245
itext                           ,13234
vuejs3                          ,13234
header                          ,13225
sprite-kit                      ,13219
nosql                           ,13183
geometry                        ,13136
annotations                     ,13125
mfc                             ,13119
attributes                      ,13116
android-gradle-plugin           ,13101
dependencies                    ,13091
format                          ,13067
fortran                         ,13061
jquery-plugins                  ,13041
firebase-cloud-messaging        ,12970
flutter-layout                  ,12928
db2                             ,12852
jenkins-pipeline                ,12847
event-handling                  ,12840
odoo                            ,12762
nuxt.js                         ,12741
keyboard                        ,12735
textbox                         ,12712
postman                         ,12702
gulp                            ,12688
visual-studio-2017              ,12686
julia                           ,12661
libgdx                          ,12653
android-jetpack-compose         ,12649
xampp                           ,12636
nestjs                          ,12620
crystal-reports                 ,12570
dom-events                      ,12521
uiscrollview                    ,12520
synchronization                 ,12519
arm                             ,12480
sequelize.js                    ,12472
wso2                            ,12464
centos                          ,12439
namespaces                      ,12436
timezone                        ,12435
aggregation-framework           ,12420
android-emulator                ,12411
swagger                         ,12399
geolocation                     ,12380
chart.js                        ,12378
webdriver                       ,12357
jvm                             ,12349
com                             ,12322
subprocess                      ,12315
html5-canvas                    ,12248
dialog                          ,12233
stripe-payments                 ,12230
windows-10                      ,12226
azure-web-app-service           ,12224
widget                          ,12215
numbers                         ,12195
uikit                           ,12195
garbage-collection              ,12177
mapreduce                       ,12166
concatenation                   ,12148
ionic2                          ,12145
sql-update                      ,12129
android-edittext                ,12101
set                             ,12098
rotation                        ,12064
azure-pipelines                 ,12063
tuples                          ,12062
modal-dialog                    ,12058
smtp                            ,12042
spring-data                     ,12034
xmlhttprequest                  ,12029
http-headers                    ,12025
doctrine                        ,12021
radio-button                    ,12018
qml                             ,12008
lucene                          ,11985
grid                            ,11984
sonarqube                       ,11956
nuget                           ,11874
listbox                         ,11834
google-sheets-formula           ,11826
internationalization            ,11812
switch-statement                ,11791
initialization                  ,11783
components                      ,11782
apache-camel                    ,11773
boolean                         ,11770
google-play                     ,11748
ios5                            ,11737
java-stream                     ,11712
ldap                            ,11706
serial-port                     ,11704
eclipse-plugin                  ,11662
compiler-construction           ,11656
return                          ,11655
frameworks                      ,11646
youtube-api                     ,11613
tags                            ,11593
pivot                           ,11549
snowflake-cloud-data-platform   ,11521
gdb                             ,11482
asp-classic                     ,11473
dataset                         ,11445
containers                      ,11425
latex                           ,11412
subquery                        ,11389
uinavigationcontroller          ,11386
foreign-keys                    ,11384
label                           ,11384
network-programming             ,11381
copy                            ,11381
delegates                       ,11364
struts2                         ,11361
protractor                      ,11322
sql-server-2008-r2              ,11311
uibutton                        ,11274
base64                          ,11274
find                            ,11255
google-cloud-storage            ,11229
queue                           ,11219
migration                       ,11193
append                          ,11185
arguments                       ,11174
jaxb                            ,11173
composer-php                    ,11152
zip                             ,11104
cucumber                        ,11083
autolayout                      ,11062
stack                           ,11050
c++17                           ,11031
windows-7                       ,10997
ide                             ,10985
entity-framework-6              ,10982
popup                           ,10978
embedded                        ,10902
iteration                       ,10897
jqgrid                          ,10850
vb6                             ,10837
gmail                           ,10785
android-viewpager               ,10784
command                         ,10783
r-markdown                      ,10780
hover                           ,10775
ssl-certificate                 ,10761
passwords                       ,10727
udp                             ,10711
uiwebview                       ,10696
range                           ,10683
vue-component                   ,10665
ios4                            ,10648
twig                            ,10634
g++                             ,10625
uiimageview                     ,10619
conv-neural-network             ,10618
salesforce                      ,10586
airflow                         ,10580
authorization                   ,10516
github-actions                  ,10511
twilio                          ,10489
local-storage                   ,10486
bots                            ,10483
angular-ui-router               ,10453
clang                           ,10425
jersey                          ,10412
ionic3                          ,10376
constants                       ,10356
wix                             ,10346
polymorphism                    ,10321
pytest                          ,10310
user-controls                   ,10305
connection                      ,10299
gps                             ,10287
debian                          ,10276
windows-8                       ,10276
compare                         ,10266
localhost                       ,10239
time-complexity                 ,10237
django-admin                    ,10228
slider                          ,10216
cocos2d-iphone                  ,10173
fetch                           ,10113
ado.net                         ,10110
admob                           ,10102
google-oauth                    ,10086
python-imaging-library          ,10076
tidyverse                       ,10070
certificate                     ,10036
phpunit                         ,10030
save                            ,10024
mono                            ,10004
jframe                          ,9980
sbt                             ,9953
pipe                            ,9931
azure-sql-database              ,9901
cypress                         ,9878
imageview                       ,9877
output                          ,9874
cypher                          ,9857
fullcalendar                    ,9854
mapping                         ,9832
gson                            ,9825
apache-poi                      ,9822
timeout                         ,9809
include                         ,9802
runtime-error                   ,9789
java-native-interface           ,9774
drupal-7                        ,9756
babeljs                         ,9754
coffeescript                    ,9750
hex                             ,9721
web-crawler                     ,9720
tailwind-css                    ,9691
seaborn                         ,9670
substring                       ,9663
icons                           ,9662
erlang                          ,9662
jinja2                          ,9653
int                             ,9646
filesystems                     ,9640
location                        ,9626
export                          ,9622
signalr                         ,9621
observable                      ,9619
odbc                            ,9618
typo3                           ,9618
log4j                           ,9607
cocoapods                       ,9600
bluetooth-lowenergy             ,9598
syntax-error                    ,9586
command-line-interface          ,9574
regression                      ,9573
elixir                          ,9570
window                          ,9546
printf                          ,9539
maps                            ,9524
treeview                        ,9513
storyboard                      ,9501
key                             ,9498
telerik                         ,9493
iis-7                           ,9473
realm                           ,9467
thread-safety                   ,9451
logic                           ,9430
kernel                          ,9424
ruby-on-rails-5                 ,9418
click                           ,9402
botframework                    ,9381
wordpress-theming               ,9357
in-app-purchase                 ,9352
build.gradle                    ,9347
dax                             ,9346
resources                       ,9337
amazon-elastic-beanstalk        ,9318
ip                              ,9312
imagemagick                     ,9308
thymeleaf                       ,9304
compression                     ,9298
wsdl                            ,9297
ckeditor                        ,9294
microservices                   ,9292
ios8                            ,9290
malloc                          ,9284
cloud                           ,9282
jsx                             ,9280
position                        ,9257
uiimage                         ,9239
azure-data-factory              ,9235
resize                          ,9233
state                           ,9228
dojo                            ,9222
repository                      ,9182
vuetify.js                      ,9172
asp.net-core-webapi             ,9138
webrtc                          ,9132
actionscript                    ,9114
where-clause                    ,9113
celery                          ,9092
gpu                             ,9075
cross-browser                   ,9073
gruntjs                         ,9071
angularjs-ng-repeat             ,9071
max                             ,9054
office365                       ,9043
asp.net-identity                ,9026
shopify                         ,9021
windows-services                ,9020
jquery-selectors                ,9004
escaping                        ,9000
google-visualization            ,8997
closures                        ,8988
pthreads                        ,8950
angularjs-scope                 ,8944
windows-installer               ,8935
constraints                     ,8922
pattern-matching                ,8914
markdown                        ,8912
android-actionbar               ,8893
google-chrome-devtools          ,8890
locking                         ,8883
azure-blob-storage              ,8883
styles                          ,8880
swift2                          ,8870
global-variables                ,8851
.net-4.0                        ,8817
applescript                     ,8813
try-catch                       ,8803
backend                         ,8793
many-to-many                    ,8775
artificial-intelligence         ,8764
match                           ,8764
qt5                             ,8763
http-post                       ,8750
data-science                    ,8737
amazon-redshift                 ,8731
windows-runtime                 ,8719
alignment                       ,8716
pandas-groupby                  ,8711
web-config                      ,8694
ios6                            ,8690
video-streaming                 ,8683
zend-framework2                 ,8668
logstash                        ,8646
gitlab-ci                       ,8645
material-design                 ,8623
singleton                       ,8612
task                            ,8596
retrofit                        ,8579
c++14                           ,8555
react-navigation                ,8551
sh                              ,8544
spring-batch                    ,8540
operator-overloading            ,8538
vagrant                         ,8534
ef-code-first                   ,8533
jtable                          ,8528
gtk                             ,8525
uitextfield                     ,8513
mocha.js                        ,8502
bitbucket                       ,8486
internet-explorer-8             ,8471
testng                          ,8468
sharepoint-2010                 ,8463
jasper-reports                  ,8461
controls                        ,8433
asp.net-mvc-2                   ,8432
